{"Year":{"0":2017,"1":2018},"Milk Cows":{"0":9406000,"1":9399000},"Production of milk and milkfat; Per milk cow; Milk":{"0":22914,"1":23149},"Production of milk and milkfat; Per milk cow; Milkfat":{"0":880,"1":900},"Production of milk and milkfat; All milk percent of fat":{"0":3.84,"1":3.89},"Production of milk and milkfat; Total; Milk":{"0":215527000000,"1":217575000000},"Production of milk and milkfat; Total; Milkfat":{"0":8272300000,"1":8466000000},"Milk used where produced; Fed to calves":{"0":901000000,"1":929000000},"Milk used where produced; Milk, cream, and butter":{"0":91000000,"1":89000000},"Milk used where produced; Total":{"0":992000000,"1":1018000000},"Milk marketed by producers; Total":{"0":214535000000,"1":216556000000},"Milk marketed by producers; Fluid grade":{"0":99,"1":99},"Combined marketings of milk and cream; Milk utilized":{"0":214535000000,"1":261556000000},"Combined marketings of milk and cream; All milk average returns per cwt":{"0":17.69,"1":16.28},"Combined marketings of milk and cream; Returns per pound of milkfat":{"0":4.61,"1":4.19},"Combined marketings of milk and cream; Cash receipts from marketings":{"0":37940662000,"1":35244314000},"Combined marketings of milk and cream; Used for milk, cream, and butter by producers; Milk utilized":{"0":91000000,"1":89000000},"Combined marketings of milk and cream; Used for milk cream, and butter by producers; Value":{"0":16594000,"1":14814000},"Combined marketings of milk and cream; Gross producer income":{"0":37957256000,"1":35259128000},"Combined marketings of milk and cream; Value of milk produced":{"0":38119254000,"1":35411485000}}