Year,Period,Milk Cows,Milk Production Lbs,Milk Per Cow,Month
2020,JAN,9361000.0,18860000000,2015.0,1
2020,FEB,9375000.0,17890000000,1908.0,2
2020,MAR,9385000.0,19380000000,2065.0,3
2020,APR,9375000.0,18675000000,1992.0,4
2020,MAY,9360000.0,18955000000,2025.0,5
2020,JUN,9350000.0,18367000000,1964.0,6
2020,JUL,9360000.0,18735000000,2002.0,7
2020,AUG,9360000.0,18600000000,1987.0,8
2019,JAN,9354000.0,18612000000,1990.0,1
2019,FEB,9352000.0,16966000000,1814.0,2
2019,MAR,9333000.0,18845000000,2019.0,3
2019,APR,9332000.0,18433000000,1975.0,4
2019,MAY,9333000.0,19058000000,2042.0,5
2019,JUN,9327000.0,18225000000,1954.0,6
2019,JUL,9315000.0,18375000000,1973.0,7
2019,AUG,9318000.0,18267000000,1960.0,8
2019,SEP,9333000.0,17595000000,1885.0,9
2019,OCT,9347000.0,18135000000,1940.0,10
2019,NOV,9345000.0,17506000000,1873.0,11
2019,DEC,9343000.0,18365000000,1966.0,12
2018,JAN,9436000.0,18431000000,1953.0,1
2018,FEB,9435000.0,16976000000,1799.0,2
2018,MAR,9429000.0,18988000000,2014.0,3
2018,APR,9416000.0,18425000000,1957.0,4
2018,MAY,9420000.0,19122000000,2030.0,5
2018,JUN,9412000.0,18280000000,1942.0,6
2018,JUL,9392000.0,18331000000,1952.0,7
2018,AUG,9389000.0,18247000000,1943.0,8
2018,SEP,9368000.0,17396000000,1857.0,9
2018,OCT,9365000.0,17872000000,1908.0,10
2018,NOV,9357000.0,17330000000,1852.0,11
2018,DEC,9352000.0,18170000000,1943.0,12
2017,JAN,9375000.0,18140000000,1935.0,1
2017,FEB,9378000.0,16698000000,1781.0,2
2017,MAR,9391000.0,18758000000,1997.0,3
2017,APR,9400000.0,18357000000,1953.0,4
2017,MAY,9411000.0,18958000000,2014.0,5
2017,JUN,9413000.0,18073000000,1920.0,6
2017,JUL,9413000.0,18270000000,1941.0,7
2017,AUG,9419000.0,18037000000,1915.0,8
2017,SEP,9416000.0,17131000000,1819.0,9
2017,OCT,9414000.0,17765000000,1887.0,10
2017,NOV,9419000.0,17265000000,1833.0,11
2017,DEC,9425000.0,18075000000,1918.0,12
2016,JAN,9305000.0,17671000000,1899.0,1
2016,FEB,9313000.0,16900000000,1815.0,2
2016,MAR,9322000.0,18404000000,1974.0,3
2016,APR,9323000.0,17956000000,1926.0,4
2016,MAY,9325000.0,18614000000,1996.0,5
2016,JUN,9330000.0,17774000000,1905.0,6
2016,JUL,9330000.0,17903000000,1919.0,7
2016,AUG,9337000.0,17693000000,1895.0,8
2016,SEP,9341000.0,16985000000,1818.0,9
2016,OCT,9350000.0,17554000000,1877.0,10
2016,NOV,9361000.0,17139000000,1831.0,11
2016,DEC,9370000.0,17858000000,1906.0,12
2015,JAN,9316000.0,17682000000,1898.0,1
2015,FEB,9316000.0,16169000000,1736.0,2
2015,MAR,9317000.0,18077000000,1940.0,3
2015,APR,9326000.0,17795000000,1908.0,4
2015,MAY,9333000.0,18434000000,1975.0,5
2015,JUN,9329000.0,17510000000,1877.0,6
2015,JUL,9318000.0,17659000000,1895.0,7
2015,AUG,9318000.0,17391000000,1866.0,8
2015,SEP,9318000.0,16595000000,1781.0,9
2015,OCT,9317000.0,17106000000,1836.0,10
2015,NOV,9317000.0,16667000000,1789.0,11
2015,DEC,9315000.0,17423000000,1870.0,12
2014,JAN,9213000.0,17276000000,1875.0,1
2014,FEB,9214000.0,15897000000,1725.0,2
2014,MAR,9226000.0,17832000000,1933.0,3
2014,APR,9242000.0,17484000000,1892.0,4
2014,MAY,9254000.0,18104000000,1956.0,5
2014,JUN,9268000.0,17329000000,1870.0,6
2014,JUL,9273000.0,17434000000,1880.0,7
2014,AUG,9273000.0,17223000000,1857.0,8
2014,SEP,9278000.0,16511000000,1780.0,9
2014,OCT,9282000.0,17066000000,1839.0,10
2014,NOV,9293000.0,16555000000,1781.0,11
2014,DEC,9306000.0,17337000000,1863.0,12
2013,JAN,9226000.0,17119000000,1856.0,1
2013,FEB,9226000.0,15762000000,1708.0,2
2013,JUL,9237000.0,16794000000,1818.0,7
2013,AUG,9231000.0,16796000000,1820.0,8
2013,SEP,9210000.0,15839000000,1720.0,9
2013,OCT,9205000.0,16462000000,1788.0,10
2013,NOV,9201000.0,15998000000,1739.0,11
2013,DEC,9205000.0,16772000000,1822.0,12
2012,JAN,9247000.0,17048000000,1844.0,1
2012,FEB,9262000.0,16342000000,1764.0,2
2012,MAR,9276000.0,17746000000,1913.0,3
2012,APR,9276000.0,17257000000,1860.0,4
2012,MAY,9265000.0,17631000000,1903.0,5
2012,JUN,9244000.0,16712000000,1808.0,6
2012,JUL,9227000.0,16610000000,1800.0,7
2012,AUG,9223000.0,16431000000,1782.0,8
2012,SEP,9201000.0,15713000000,1708.0,9
2012,OCT,9193000.0,16277000000,1771.0,10
2012,NOV,9203000.0,16015000000,1740.0,11
2012,DEC,9218000.0,16860000000,1829.0,12
2011,JAN,9165000.0,16396000000,1789.0,1
2011,FEB,9170000.0,15075000000,1644.0,2
2011,MAR,9183000.0,16990000000,1850.0,3
2011,APR,9186000.0,16657000000,1813.0,4
2011,MAY,9197000.0,17279000000,1879.0,5
2011,JUN,9200000.0,16514000000,1795.0,6
2011,JUL,9205000.0,16478000000,1790.0,7
2011,AUG,9207000.0,16425000000,1784.0,8
2011,SEP,9209000.0,15780000000,1714.0,9
2011,OCT,9219000.0,16272000000,1765.0,10
2011,NOV,9220000.0,15820000000,1716.0,11
2011,DEC,9229000.0,16569000000,1795.0,12
2010,JAN,9091000.0,16013000000,1761.0,1
2010,FEB,9094000.0,14750000000,1622.0,2
2010,MAR,9100000.0,16607000000,1825.0,3
2010,APR,9109000.0,16419000000,1803.0,4
2010,MAY,9122000.0,17042000000,1868.0,5
2010,JUN,9132000.0,16356000000,1791.0,6
2010,JUL,9144000.0,16447000000,1799.0,7
2010,AUG,9130000.0,16105000000,1764.0,8
2010,SEP,9131000.0,15550000000,1703.0,9
2010,OCT,9133000.0,15914000000,1742.0,10
2010,NOV,9135000.0,15514000000,1698.0,11
2010,DEC,9148000.0,16160000000,1767.0,12
2009,JAN,9312000.0,16123000000,1731.0,1
2009,FEB,9289000.0,14738000000,1587.0,2
2009,MAR,9284000.0,16471000000,1774.0,3
2009,APR,9281000.0,16130000000,1738.0,4
2009,MAY,9275000.0,16792000000,1810.0,5
2009,JUN,9230000.0,15928000000,1726.0,6
2009,JUL,9190000.0,16011000000,1742.0,7
2009,AUG,9162000.0,15732000000,1717.0,8
2009,SEP,9122000.0,15039000000,1649.0,9
2009,OCT,9097000.0,15415000000,1695.0,10
2009,NOV,9093000.0,15060000000,1656.0,11
2009,DEC,9085000.0,15763000000,1735.0,12
2008,JAN,9274000.0,15980000000,1723.0,1
2008,FEB,9287000.0,15180000000,1635.0,2
2008,MAR,9295000.0,16462000000,1771.0,3
2008,APR,9303000.0,16118000000,1733.0,4
2008,MAY,9314000.0,16703000000,1793.0,5
2008,JUN,9317000.0,15940000000,1711.0,6
2008,JUL,9332000.0,15988000000,1713.0,7
2008,AUG,9329000.0,15747000000,1688.0,8
2008,SEP,9321000.0,15124000000,1623.0,9
2008,OCT,9325000.0,15615000000,1675.0,10
2008,NOV,9333000.0,15213000000,1630.0,11
2008,DEC,9334000.0,15908000000,1704.0,12
2007,JAN,9148000.0,15607000000,1706.0,1
2007,FEB,9147000.0,14323000000,1566.0,2
2007,MAR,9160000.0,16133000000,1761.0,3
2007,APR,9154000.0,15765000000,1722.0,4
2007,MAY,9171000.0,16194000000,1766.0,5
2007,JUN,9184000.0,15479000000,1685.0,6
2007,JUL,9193000.0,15715000000,1709.0,7
2007,AUG,9197000.0,15525000000,1688.0,8
2007,SEP,9204000.0,14871000000,1616.0,9
2007,OCT,9219000.0,15391000000,1669.0,10
2007,NOV,9236000.0,15016000000,1626.0,11
2007,DEC,9254000.0,15635000000,1690.0,12
2006,JAN,9112000.0,15348000000,1684.0,1
2006,FEB,9116000.0,14248000000,1563.0,2
2006,MAR,9135000.0,15967000000,1748.0,3
2006,APR,9148000.0,15535000000,1698.0,4
2006,MAY,9157000.0,16061000000,1754.0,5
2006,JUN,9164000.0,15329000000,1673.0,6
2006,JUL,9147000.0,15156000000,1657.0,7
2006,AUG,9135000.0,15046000000,1647.0,8
2006,SEP,9129000.0,14473000000,1585.0,9
2006,OCT,9126000.0,14839000000,1626.0,10
2006,NOV,9128000.0,14507000000,1589.0,11
2006,DEC,9144000.0,15273000000,1670.0,12
2005,JAN,8999000.0,14606000000,1623.0,1
2005,FEB,8995000.0,13523000000,1503.0,2
2005,MAR,9010000.0,15197000000,1687.0,3
2005,APR,9029000.0,15046000000,1666.0,4
2005,MAY,9043000.0,15696000000,1736.0,5
2005,JUN,9053000.0,15083000000,1666.0,6
2005,JUL,9059000.0,14977000000,1653.0,7
2005,AUG,9075000.0,14891000000,1641.0,8
2005,SEP,9085000.0,14253000000,1569.0,9
2005,OCT,9078000.0,14609000000,1609.0,10
2005,NOV,9081000.0,14199000000,1564.0,11
2005,DEC,9096000.0,14851000000,1633.0,12
2004,JAN,8983000.0,14394000000,1602.0,1
2004,FEB,8993000.0,13605000000,1513.0,2
2004,MAR,9002000.0,14763000000,1640.0,3
2004,APR,8993000.0,14532000000,1616.0,4
2004,MAY,8998000.0,15029000000,1670.0,5
2004,JUN,9014000.0,14278000000,1584.0,6
2004,JUL,9025000.0,14396000000,1595.0,7
2004,AUG,9027000.0,14206000000,1574.0,8
2004,SEP,9029000.0,13610000000,1507.0,9
2004,OCT,9022000.0,14081000000,1561.0,10
2004,NOV,9019000.0,13622000000,1510.0,11
2004,DEC,9016000.0,14316000000,1588.0,12
2003,JAN,9141000.0,14599000000,1597.0,1
2003,FEB,9141000.0,13448000000,1471.0,2
2003,MAR,9140000.0,15044000000,1646.0,3
2003,APR,9121000.0,14641000000,1605.0,4
2003,MAY,9101000.0,15011000000,1649.0,5
2003,JUN,9098000.0,14337000000,1576.0,6
2003,JUL,9084000.0,14257000000,1570.0,7
2003,AUG,9067000.0,14017000000,1546.0,8
2003,SEP,9053000.0,13466000000,1487.0,9
2003,OCT,9028000.0,13891000000,1539.0,10
2003,NOV,9004000.0,13464000000,1495.0,11
2003,DEC,8994000.0,14173000000,1576.0,12
2002,JAN,9109000.0,14321000000,1572.0,1
2002,FEB,9113000.0,13259000000,1455.0,2
2002,MAR,9117000.0,14905000000,1635.0,3
2002,APR,9139000.0,14620000000,1600.0,4
2002,MAY,9146000.0,15144000000,1656.0,5
2002,JUN,9158000.0,14325000000,1564.0,6
2002,JUL,9152000.0,14225000000,1554.0,7
2002,AUG,9156000.0,14145000000,1545.0,8
2002,SEP,9154000.0,13476000000,1472.0,9
2002,OCT,9142000.0,13897000000,1520.0,10
2002,NOV,9142000.0,13499000000,1477.0,11
2002,DEC,9143000.0,14247000000,1558.0,12
2001,JAN,9158000.0,14003000000,1529.0,1
2001,FEB,9133000.0,12867000000,1409.0,2
2001,MAR,9108000.0,14380000000,1579.0,3
2001,APR,9093000.0,14077000000,1548.0,4
2001,MAY,9100000.0,14649000000,1610.0,5
2001,JUN,9106000.0,13959000000,1533.0,6
2001,JUL,9093000.0,13849000000,1523.0,7
2001,AUG,9079000.0,13537000000,1491.0,8
2001,SEP,9073000.0,13122000000,1446.0,9
2001,OCT,9075000.0,13598000000,1498.0,10
2001,NOV,9095000.0,13303000000,1463.0,11
2001,DEC,9114000.0,13988000000,1535.0,12
2000,JAN,9174000.0,14242000000,1552.0,1
2000,FEB,9179000.0,13582000000,1480.0,2
2000,MAR,9193000.0,14752000000,1605.0,3
2000,APR,9193000.0,14380000000,1564.0,4
2000,MAY,9204000.0,14774000000,1605.0,5
2000,JUN,9218000.0,13989000000,1518.0,6
2000,JUL,9216000.0,14086000000,1528.0,7
2000,AUG,9214000.0,13766000000,1494.0,8
2000,SEP,9212000.0,13210000000,1434.0,9
2000,OCT,9206000.0,13691000000,1487.0,10
2000,NOV,9193000.0,13172000000,1433.0,11
2000,DEC,9189000.0,13749000000,1496.0,12
1999,JAN,9114000.0,13618000000,1494.0,1
1999,FEB,9114000.0,12593000000,1382.0,2
1999,MAR,9137000.0,14250000000,1560.0,3
1999,APR,9137000.0,13919000000,1523.0,4
1999,MAY,9152000.0,14453000000,1579.0,5
1999,JUN,9164000.0,13625000000,1487.0,6
1999,JUL,9167000.0,13430000000,1465.0,7
1999,AUG,9168000.0,13348000000,1456.0,8
1999,SEP,9169000.0,12954000000,1413.0,9
1999,OCT,9162000.0,13410000000,1464.0,10
1999,NOV,9174000.0,13140000000,1432.0,11
1999,DEC,9171000.0,13849000000,1510.0,12
1998,JAN,9185000.0,13275000000,1445.0,1
1998,FEB,9173000.0,12188000000,1329.0,2
1998,MAR,9164000.0,13692000000,1494.0,3
1998,APR,9161000.0,13485000000,1472.0,4
1998,MAY,9168000.0,13992000000,1526.0,5
1998,JUN,9165000.0,13276000000,1449.0,6
1998,JUL,9147000.0,13159000000,1438.0,7
1998,AUG,9142000.0,12932000000,1415.0,8
1998,SEP,9137000.0,12395000000,1357.0,9
1998,OCT,9118000.0,12921000000,1417.0,10
1998,NOV,9123000.0,12602000000,1381.0,11
1998,DEC,9123000.0,13345000000,1463.0,12
1985,JAN,10773000.0,11276000000,1047.0,1
1985,FEB,10785000.0,10483000000,972.0,2
1985,MAR,10810000.0,11866000000,1098.0,3
1985,APR,10871000.0,12026000000,1106.0,4
1985,MAY,10948000.0,12872000000,1176.0,5
1985,JUN,11009000.0,12503000000,1136.0,6
1985,JUL,11036000.0,12549000000,1137.0,7
1985,AUG,11064000.0,12331000000,1115.0,8
1985,SEP,11094000.0,11759000000,1060.0,9
1985,OCT,11125000.0,11959000000,1075.0,10
1985,NOV,11125000.0,11501000000,1034.0,11
1985,DEC,11133000.0,11887000000,1068.0,12
1984,JAN,10982000.0,11365000000,1035.0,1
1984,FEB,10863000.0,10850000000,999.0,2
1984,MAR,10797000.0,11706000000,1084.0,3
1984,APR,10766000.0,11656000000,1083.0,4
1984,MAY,10758000.0,12218000000,1136.0,5
1984,JUN,10750000.0,11700000000,1088.0,6
1984,JUL,10748000.0,11482000000,1068.0,7
1984,AUG,10758000.0,11191000000,1040.0,8
1984,SEP,10775000.0,10771000000,1000.0,9
1984,OCT,10769000.0,10905000000,1013.0,10
1984,NOV,10774000.0,10515000000,976.0,11
1984,DEC,10774000.0,10992000000,1020.0,12
1983,JAN,11025000.0,11436000000,1037.0,1
1983,FEB,11024000.0,10695000000,970.0,2
1983,MAR,11038000.0,12020000000,1089.0,3
1983,APR,11042000.0,11954000000,1083.0,4
1983,MAY,11057000.0,12612000000,1141.0,5
1983,JUN,11058000.0,12256000000,1108.0,6
1983,JUL,11066000.0,12039000000,1088.0,7
1983,AUG,11069000.0,11664000000,1054.0,8
1983,SEP,11083000.0,11211000000,1012.0,9
1983,OCT,11092000.0,11394000000,1027.0,10
1983,NOV,11095000.0,10974000000,989.0,11
1983,DEC,11063000.0,11333000000,1024.0,12
1982,JAN,10997000.0,11106000000,1010.0,1
1982,FEB,10993000.0,10361000000,943.0,2
1982,MAR,10996000.0,11700000000,1064.0,3
1981,JAN,10844000.0,10803000000,996.0,1
1981,FEB,10855000.0,10149000000,935.0,2
1981,MAR,10853000.0,11519000000,1061.0,3
1981,APR,10860000.0,11531000000,1062.0,4
1981,MAY,10873000.0,12078000000,1111.0,5
1981,JUN,10880000.0,11552000000,1062.0,6
1981,JUL,10881000.0,11361000000,1044.0,7
1981,AUG,10909000.0,11106000000,1018.0,8
1981,SEP,10928000.0,10625000000,972.0,9
1981,OCT,10944000.0,10763000000,983.0,10
1981,NOV,10965000.0,10393000000,948.0,11
1981,DEC,10984000.0,10890000000,991.0,12
1980,JAN,10748000.0,10311000000,959.0,1
1980,FEB,10753000.0,9965000000,927.0,2
1980,MAR,10755000.0,10931000000,1016.0,3
1980,APR,10759000.0,11015000000,1024.0,4
1980,MAY,10776000.0,11688000000,1085.0,5
1980,JUN,10779000.0,11325000000,1051.0,6
1980,JUL,10788000.0,11063000000,1025.0,7
1980,AUG,10818000.0,10784000000,997.0,8
1980,SEP,10828000.0,10344000000,955.0,9
1980,OCT,10841000.0,10451000000,964.0,10
1980,NOV,10847000.0,10044000000,926.0,11
1980,DEC,10850000.0,10485000000,966.0,12
1979,JAN,10788000.0,9954000000,923.0,1
1979,FEB,10759000.0,9274000000,862.0,2
1979,MAR,10738000.0,10528000000,980.0,3
1979,APR,10717000.0,10598000000,989.0,4
1979,MAY,10712000.0,11240000000,1049.0,5
1979,JUN,10701000.0,10945000000,1023.0,6
1979,JUL,10704000.0,10677000000,997.0,7
1979,AUG,10716000.0,10404000000,971.0,8
1979,SEP,10736000.0,9981000000,930.0,9
1979,OCT,10734000.0,10060000000,937.0,10
1979,NOV,10739000.0,9619000000,896.0,11
1979,DEC,10751000.0,10070000000,937.0,12
1978,JAN,10887000.0,9958000000,915.0,1
1978,FEB,10860000.0,9241000000,851.0,2
1978,MAR,10834000.0,10491000000,968.0,3
1978,APR,10801000.0,10610000000,982.0,4
1978,MAY,10783000.0,11151000000,1034.0,5
1978,JUN,10768000.0,10817000000,1005.0,6
1978,JUL,10768000.0,10503000000,975.0,7
1978,AUG,10779000.0,10182000000,945.0,8
1978,SEP,10790000.0,9683000000,897.0,9
1978,OCT,10793000.0,9780000000,906.0,10
1978,NOV,10788000.0,9320000000,864.0,11
1978,DEC,10792000.0,9724000000,901.0,12
1977,JAN,10995000.0,9888000000,899.0,1
1977,FEB,10983000.0,9285000000,845.0,2
1977,MAR,10971000.0,10580000000,964.0,3
1977,APR,10962000.0,10732000000,979.0,4
1977,MAY,10953000.0,11358000000,1037.0,5
1977,JUN,10938000.0,10968000000,1003.0,6
1977,JUL,10937000.0,10671000000,976.0,7
1977,AUG,10936000.0,10362000000,948.0,8
1977,SEP,10938000.0,9810000000,897.0,9
1977,OCT,10913000.0,9824000000,900.0,10
1977,NOV,10910000.0,9380000000,860.0,11
1977,DEC,10899000.0,9797000000,899.0,12
1976,JAN,11074000.0,9597000000,867.0,1
1976,FEB,11061000.0,9289000000,840.0,2
1976,MAR,11046000.0,10285000000,931.0,3
1976,APR,11042000.0,10475000000,949.0,4
1976,MAY,11028000.0,11107000000,1007.0,5
1976,JUN,11023000.0,10786000000,978.0,6
1976,JUL,11027000.0,10435000000,946.0,7
1976,AUG,11026000.0,10117000000,918.0,8
1976,SEP,11017000.0,9590000000,870.0,9
1976,OCT,11016000.0,9603000000,872.0,10
1976,NOV,11013000.0,9210000000,836.0,11
1976,DEC,11003000.0,9686000000,880.0,12
1975,JAN,11206000.0,9358000000,835.0,1
1975,FEB,11200000.0,8773000000,783.0,2
1975,MAR,11185000.0,9999000000,894.0,3
1975,APR,11179000.0,10116000000,905.0,4
1975,MAY,11161000.0,10787000000,966.0,5
1975,JUN,11147000.0,10445000000,937.0,6
1975,JUL,11135000.0,9975000000,896.0,7
1975,AUG,11119000.0,9544000000,858.0,8
1975,SEP,11099000.0,9050000000,815.0,9
1975,OCT,11090000.0,9162000000,826.0,10
1975,NOV,11073000.0,8832000000,798.0,11
1975,DEC,11074000.0,9357000000,845.0,12
1974,JAN,11279000.0,9335000000,828.0,1
1974,FEB,11261000.0,8763000000,778.0,2
1974,MAR,11254000.0,9989000000,888.0,3
1974,APR,11240000.0,10124000000,901.0,4
1974,MAY,11225000.0,10869000000,968.0,5
1974,JUN,11216000.0,10615000000,946.0,6
1974,JUL,11215000.0,10171000000,907.0,7
1974,AUG,11219000.0,9711000000,866.0,8
1974,SEP,11220000.0,9137000000,814.0,9
1974,OCT,11213000.0,9100000000,812.0,10
1974,NOV,11209000.0,8663000000,773.0,11
1974,DEC,11215000.0,9109000000,812.0,12
1973,JAN,11601000.0,9532000000,822.0,1
1973,FEB,11557000.0,8945000000,774.0,2
1973,MAR,11518000.0,10184000000,884.0,3
1973,APR,11472000.0,10303000000,898.0,4
1973,MAY,11439000.0,10960000000,958.0,5
1973,JUN,11407000.0,10542000000,924.0,6
1973,JUL,11375000.0,10021000000,881.0,7
1973,AUG,11348000.0,9496000000,837.0,8
1973,SEP,11322000.0,8885000000,785.0,9
1973,OCT,11314000.0,8957000000,792.0,10
1973,NOV,11308000.0,8603000000,761.0,11
1973,DEC,11304000.0,9063000000,802.0,12
1972,JAN,11769000.0,9728000000,827.0,1
1972,FEB,11755000.0,9399000000,800.0,2
1972,MAR,11742000.0,10455000000,890.0,3
1972,APR,11734000.0,10572000000,901.0,4
1972,MAY,11718000.0,11280000000,963.0,5
1972,JUN,11701000.0,10962000000,937.0,6
1972,JUL,11683000.0,10455000000,895.0,7
1972,AUG,11671000.0,9989000000,856.0,8
1972,SEP,11659000.0,9442000000,810.0,9
1972,OCT,11653000.0,9438000000,810.0,10
1972,NOV,11643000.0,8925000000,767.0,11
1972,DEC,11630000.0,9380000000,807.0,12
1971,JAN,11907000.0,9576080000,804.0,1
1971,FEB,11888000.0,8996140000,757.0,2
1971,MAR,11879000.0,10223140000,861.0,3
1971,APR,11865000.0,10425140000,879.0,4
1971,MAY,11850000.0,11160990000,942.0,5
1971,JUN,11839000.0,10819850000,914.0,6
1971,JUL,11829000.0,10288090000,870.0,7
1971,AUG,11819000.0,9863050000,834.0,8
1971,SEP,11808000.0,9331770000,790.0,9
1971,OCT,11796000.0,9446260000,801.0,10
1971,NOV,11791000.0,9006110000,764.0,11
1971,DEC,11782000.0,9429480000,800.0,12
1970,JAN,12087000.0,9405470000,778.0,1
1970,FEB,12070000.0,8856750000,734.0,2
1970,MAR,12053000.0,10103350000,838.0,3
1970,APR,12034000.0,10295450000,856.0,4
1970,MAY,12019000.0,11052600000,920.0,5
1970,JUN,11999000.0,10707890000,892.0,6
1970,JUL,11986000.0,10212050000,852.0,7
1970,AUG,11969000.0,9734250000,813.0,8
1970,SEP,11956000.0,9202850000,770.0,9
1970,OCT,11945000.0,9277550000,777.0,10
1970,NOV,11932000.0,8837400000,741.0,11
1970,DEC,11916000.0,9320990000,782.0,12
1969,JAN,12536000.0,9408000000,750.0,1
1969,FEB,12492000.0,8834000000,707.0,2
1969,MAR,12446000.0,10015000000,805.0,3
1969,APR,12403000.0,10237000000,825.0,4
1969,MAY,12355000.0,11038000000,893.0,5
1969,JUN,12315000.0,10710000000,870.0,6
1969,JUL,12276000.0,10121000000,824.0,7
1969,AUG,12236000.0,9643000000,788.0,8
1969,SEP,12199000.0,9143000000,749.0,9
1969,OCT,12169000.0,9091000000,747.0,10
1969,NOV,12140000.0,8669000000,714.0,11
1969,DEC,12113000.0,9199000000,759.0,12
1968,JAN,13091000.0,9497000000,725.0,1
1968,FEB,13048000.0,9194000000,705.0,2
1968,MAR,12999000.0,10191000000,784.0,3
1968,APR,12953000.0,10445000000,806.0,4
1968,MAY,12905000.0,11217000000,869.0,5
1968,JUN,12853000.0,10777000000,838.0,6
1968,JUL,12808000.0,10190000000,796.0,7
1968,AUG,12762000.0,9612000000,753.0,8
1968,SEP,12710000.0,9088000000,715.0,9
1968,OCT,12665000.0,9123000000,720.0,10
1968,NOV,12614000.0,8742000000,693.0,11
1968,DEC,12571000.0,9149000000,728.0,12
1967,JAN,13708000.0,9804000000,715.0,1
1967,FEB,13659000.0,9158000000,670.0,2
1967,MAR,13601000.0,10406000000,765.0,3
1967,APR,13546000.0,10668000000,788.0,4
1967,MAY,13490000.0,11353000000,842.0,5
1967,JUN,13436000.0,11033000000,821.0,6
1967,JUL,13382000.0,10326000000,772.0,7
1967,AUG,13328000.0,9688000000,727.0,8
1967,SEP,13280000.0,9115000000,686.0,9
1967,OCT,13224000.0,9166000000,693.0,10
1967,NOV,13181000.0,8777000000,666.0,11
1967,DEC,13139000.0,9238000000,703.0,12
1966,JAN,14452000.0,9792000000,678.0,1
1966,FEB,14375000.0,9142000000,636.0,2
1966,MAR,14298000.0,10524000000,736.0,3
1966,APR,14223000.0,10750000000,756.0,4
1966,MAY,14145000.0,11482000000,812.0,5
1966,JUN,14073000.0,11247000000,799.0,6
1966,JUL,14014000.0,10327000000,737.0,7
1966,AUG,13960000.0,9755000000,699.0,8
1966,SEP,13904000.0,9212000000,663.0,9
1966,OCT,13854000.0,9258000000,668.0,10
1966,NOV,13803000.0,8928000000,647.0,11
1966,DEC,13756000.0,9495000000,690.0,12
1965,JAN,15351000.0,10494000000,684.0,1
1965,FEB,15291000.0,9795000000,641.0,2
1965,MAR,15227000.0,11177000000,734.0,3
1965,APR,15152000.0,11264000000,743.0,4
1965,MAY,15078000.0,12100000000,802.0,5
1965,JUN,14999000.0,11567000000,771.0,6
1965,JUL,14920000.0,10704000000,717.0,7
1965,AUG,14841000.0,9929000000,669.0,8
1965,SEP,14762000.0,9270000000,628.0,9
1965,OCT,14686000.0,9346000000,636.0,10
1965,NOV,14603000.0,9032000000,619.0,11
1965,DEC,14526000.0,9502000000,654.0,12
1964,JAN,15942000.0,10287000000,645.0,1
1964,FEB,15891000.0,10070000000,634.0,2
1964,MAR,15842000.0,11186000000,706.0,3
1964,APR,15794000.0,11363000000,719.0,4
1964,MAY,15746000.0,12380000000,786.0,5
1964,JUN,15702000.0,11782000000,750.0,6
1964,JUL,15658000.0,10810000000,690.0,7
1964,AUG,15608000.0,10207000000,654.0,8
1964,SEP,15557000.0,9623000000,619.0,9
1964,OCT,15510000.0,9698000000,625.0,10
1964,NOV,15462000.0,9430000000,610.0,11
1964,DEC,15411000.0,10131000000,657.0,12
1963,JAN,16552000.0,10153000000,613.0,1
1963,FEB,16497000.0,9498000000,576.0,2
1963,MAR,16443000.0,10906000000,663.0,3
1963,APR,16386000.0,11220000000,685.0,4
1963,MAY,16333000.0,12297000000,753.0,5
1963,JUN,16279000.0,11809000000,725.0,6
1963,JUL,16229000.0,10848000000,668.0,7
1963,AUG,16174000.0,10172000000,629.0,8
1963,SEP,16129000.0,9548000000,592.0,9
1963,OCT,16084000.0,9648000000,600.0,10
1963,NOV,16034000.0,9279000000,579.0,11
1963,DEC,15990000.0,9824000000,614.0,12
1962,JAN,17077000.0,10258000000,601.0,1
1962,FEB,17039000.0,9685000000,568.0,2
1962,MAR,16996000.0,11044000000,650.0,3
1962,APR,16951000.0,11280000000,665.0,4
1962,MAY,16912000.0,12449000000,736.0,5
1962,JUN,16870000.0,11886000000,705.0,6
1962,JUL,16823000.0,10884000000,647.0,7
1962,AUG,16777000.0,10184000000,607.0,8
1962,SEP,16739000.0,9573000000,572.0,9
1962,OCT,16691000.0,9782000000,586.0,10
1962,NOV,16650000.0,9379000000,563.0,11
1962,DEC,16603000.0,9847000000,593.0,12
1961,JAN,17382000.0,9920000000,571.0,1
1961,FEB,17358000.0,9431000000,543.0,2
1961,MAR,17332000.0,10998000000,635.0,3
1961,APR,17302000.0,11175000000,646.0,4
1961,MAY,17272000.0,12326000000,714.0,5
1961,JUN,17247000.0,12038000000,698.0,6
1961,JUL,17223000.0,11001000000,639.0,7
1961,AUG,17205000.0,10248000000,596.0,8
1961,SEP,17177000.0,9595000000,559.0,9
1961,OCT,17156000.0,9746000000,568.0,10
1961,NOV,17136000.0,9325000000,544.0,11
1961,DEC,17111000.0,9904000000,579.0,12
1960,JAN,17645000.0,9876000000,560.0,1
1960,FEB,17619000.0,9665000000,549.0,2
1960,MAR,17595000.0,10706000000,608.0,3
1960,APR,17569000.0,11057000000,629.0,4
1960,MAY,17542000.0,12232000000,697.0,5
1960,JUN,17519000.0,11681000000,667.0,6
1960,JUL,17496000.0,10716000000,612.0,7
1960,AUG,17479000.0,9978000000,571.0,8
1960,SEP,17463000.0,9304000000,533.0,9
1960,OCT,17442000.0,9385000000,538.0,10
1960,NOV,17424000.0,8969000000,515.0,11
1960,DEC,17404000.0,9540000000,548.0,12
1959,JAN,18187000.0,9730000000,535.0,1
1959,FEB,18126000.0,9208000000,508.0,2
1959,MAR,18067000.0,10623000000,588.0,3
1959,APR,18012000.0,11005000000,611.0,4
1959,MAY,17959000.0,12230000000,681.0,5
1959,JUN,17909000.0,11748000000,656.0,6
1959,JUL,17865000.0,10773000000,603.0,7
1959,AUG,17823000.0,9963000000,559.0,8
1959,SEP,17779000.0,9316000000,524.0,9
1959,OCT,17736000.0,9240000000,521.0,10
1959,NOV,17697000.0,8778000000,496.0,11
1959,DEC,17655000.0,9375000000,531.0,12
1958,JAN,19213000.0,9722000000,506.0,1
1958,FEB,19120000.0,9201000000,481.0,2
1958,MAR,19019000.0,10613000000,558.0,3
1958,APR,18915000.0,11009000000,582.0,4
1958,MAY,18823000.0,12386000000,658.0,5
1958,JUN,18737000.0,12067000000,644.0,6
1958,JUL,18657000.0,11101000000,595.0,7
1958,AUG,18576000.0,10180000000,548.0,8
1958,SEP,18493000.0,9357000000,506.0,9
1958,OCT,18409000.0,9352000000,508.0,10
1958,NOV,18324000.0,8869000000,484.0,11
1958,DEC,18251000.0,9363000000,513.0,12
1957,JAN,20183000.0,9711000000,481.0,1
1957,FEB,20122000.0,9337000000,464.0,2
1957,MAR,20050000.0,10807000000,539.0,3
1957,APR,19980000.0,11269000000,564.0,4
1957,MAY,19910000.0,12862000000,646.0,5
1957,JUN,19833000.0,12296000000,620.0,6
1957,JUL,19756000.0,11360000000,575.0,7
1957,AUG,19669000.0,10385000000,528.0,8
1957,SEP,19585000.0,9362000000,478.0,9
1957,OCT,19494000.0,9279000000,476.0,10
1957,NOV,19403000.0,8712000000,449.0,11
1957,DEC,19307000.0,9248000000,479.0,12
1956,JAN,20740000.0,9603000000,463.0,1
1956,FEB,20693000.0,9539000000,461.0,2
1956,MAR,20646000.0,10839000000,525.0,3
1956,APR,20604000.0,11270000000,547.0,4
1956,MAY,20563000.0,12626000000,614.0,5
1956,JUN,20519000.0,12393000000,604.0,6
1956,JUL,20481000.0,11387000000,556.0,7
1956,AUG,20440000.0,10465000000,512.0,8
1956,SEP,20399000.0,9465000000,464.0,9
1956,OCT,20351000.0,9300000000,457.0,10
1956,NOV,20303000.0,8730000000,430.0,11
1956,DEC,20269000.0,9243000000,456.0,12
1955,JAN,21301000.0,9181000000,431.0,1
1955,FEB,21259000.0,8865000000,417.0,2
1955,MAR,21205000.0,10433000000,492.0,3
1955,APR,21159000.0,11087000000,524.0,4
1955,MAY,21117000.0,12902000000,611.0,5
1955,JUN,21068000.0,12409000000,589.0,6
1955,JUL,21022000.0,11352000000,540.0,7
1955,AUG,20976000.0,10425000000,497.0,8
1955,SEP,20927000.0,9459000000,452.0,9
1955,OCT,20879000.0,9166000000,439.0,10
1955,NOV,20832000.0,8583000000,412.0,11
1955,DEC,20786000.0,9083000000,437.0,12
1954,JAN,21760000.0,9248000000,425.0,1
1954,FEB,21750000.0,9026000000,415.0,2
1954,MAR,21740000.0,10631000000,489.0,3
1954,APR,21710000.0,11159000000,514.0,4
1954,MAY,21670000.0,12748000000,588.0,5
1954,JUN,21616000.0,12386000000,573.0,6
1954,JUL,21570000.0,11303000000,524.0,7
1954,AUG,21530000.0,10291000000,478.0,8
1954,SEP,21480000.0,9193000000,428.0,9
1954,OCT,21430000.0,8915000000,416.0,10
1954,NOV,21380000.0,8381000000,392.0,11
1954,DEC,21340000.0,8813000000,413.0,12
1953,JAN,21560000.0,8732000000,405.0,1
1953,FEB,21600000.0,8510000000,394.0,2
1953,MAR,21630000.0,10123000000,468.0,3
1953,APR,21650000.0,10847000000,501.0,4
1953,MAY,21670000.0,12482000000,576.0,5
1953,JUN,21694000.0,12322000000,568.0,6
1953,JUL,21710000.0,11433000000,527.0,7
1953,AUG,21730000.0,10517000000,484.0,8
1953,SEP,21750000.0,9222000000,424.0,9
1953,OCT,21760000.0,8813000000,405.0,10
1953,NOV,21770000.0,8316000000,382.0,11
1953,DEC,21770000.0,8904000000,409.0,12
1952,JAN,21250000.0,8105000000,381.0,1
1952,FEB,21250000.0,8118000000,382.0,2
1952,MAR,21260000.0,9333000000,439.0,3
1952,APR,21270000.0,10103000000,475.0,4
1952,MAY,21280000.0,12066000000,567.0,5
1952,JUN,21291000.0,11817000000,555.0,6
1952,JUL,21310000.0,11017000000,517.0,7
1952,AUG,21350000.0,10205000000,478.0,8
1952,SEP,21380000.0,9108000000,426.0,9
1952,OCT,21420000.0,8589000000,401.0,10
1952,NOV,21470000.0,7858000000,366.0,11
1952,DEC,21525000.0,8352000000,388.0,12
1951,JAN,21840000.0,8277000000,379.0,1
1951,FEB,21770000.0,8077000000,371.0,2
1951,MAR,21700000.0,9570000000,441.0,3
1951,APR,21640000.0,10149000000,469.0,4
1951,MAY,21580000.0,12063000000,559.0,5
1951,JUN,21523000.0,12096000000,562.0,6
1951,JUL,21450000.0,11366000000,530.0,7
1951,AUG,21400000.0,10443000000,488.0,8
1951,SEP,21340000.0,9005000000,422.0,9
1951,OCT,21290000.0,8410000000,395.0,10
1951,NOV,21270000.0,7508000000,353.0,11
1951,DEC,21260000.0,7717000000,363.0,12
1950,JAN,21990000.0,8378000000,381.0,1
1950,FEB,21980000.0,8199000000,373.0,2
1950,MAR,21970000.0,9785000000,445.0,3
1950,APR,21960000.0,10387000000,473.0,4
1950,MAY,21960000.0,12034000000,548.0,5
1950,JUN,21950000.0,12138000000,553.0,6
1950,JUL,21940000.0,11497000000,524.0,7
1950,AUG,21930000.0,10570000000,482.0,8
1950,SEP,21920000.0,9184000000,419.0,9
1950,OCT,21920000.0,8658000000,395.0,10
1950,NOV,21910000.0,7800000000,356.0,11
1950,DEC,21900000.0,7972000000,364.0,12
1949,JAN,22060000.0,8096000000,367.0,1
1949,FEB,22050000.0,7938000000,360.0,2
1949,MAR,22040000.0,9587000000,435.0,3
1949,APR,22040000.0,10469000000,475.0,4
1949,MAY,22030000.0,12326000000,560.0,5
1949,JUN,22030000.0,12116000000,550.0,6
1949,JUL,22030000.0,11279000000,512.0,7
1949,AUG,22020000.0,10548000000,479.0,8
1949,SEP,22010000.0,9222000000,419.0,9
1949,OCT,22000000.0,8624000000,392.0,10
1949,NOV,21990000.0,7806000000,355.0,11
1949,DEC,21990000.0,8092000000,368.0,12
1948,JAN,22730000.0,7842000000,345.0,1
1948,FEB,22640000.0,7856000000,347.0,2
1948,MAR,22550000.0,9155000000,406.0,3
1948,APR,22470000.0,9999000000,445.0,4
1948,MAY,22390000.0,11997000000,536.0,5
1948,JUN,22320000.0,11986000000,537.0,6
1948,JUL,22270000.0,11246000000,505.0,7
1948,AUG,22230000.0,10248000000,461.0,8
1948,SEP,22190000.0,8898000000,401.0,9
1948,OCT,22150000.0,8306000000,375.0,10
1948,NOV,22120000.0,7432000000,336.0,11
1948,DEC,22080000.0,7706000000,349.0,12
1947,JAN,23780000.0,8418000000,354.0,1
1947,FEB,23720000.0,8231000000,347.0,2
1947,MAR,23640000.0,9787000000,414.0,3
1947,APR,23560000.0,10508000000,446.0,4
1947,MAY,23480000.0,12491000000,532.0,5
1947,JUN,23400000.0,12631000000,540.0,6
1947,JUL,23300000.0,11930000000,512.0,7
1947,AUG,23230000.0,10454000000,450.0,8
1947,SEP,23130000.0,8998000000,389.0,9
1947,OCT,23010000.0,8445000000,367.0,10
1947,NOV,22900000.0,7374000000,322.0,11
1947,DEC,22800000.0,7547000000,331.0,12
1946,JAN,24410000.0,8202000000,336.0,1
1946,FEB,24330000.0,8029000000,330.0,2
1946,MAR,24250000.0,9603000000,396.0,3
1946,APR,24190000.0,10595000000,438.0,4
1946,MAY,24140000.0,12577000000,521.0,5
1946,JUN,24110000.0,12489000000,518.0,6
1946,JUL,24060000.0,11813000000,491.0,7
1946,AUG,24010000.0,10756000000,448.0,8
1946,SEP,23960000.0,9296000000,388.0,9
1946,OCT,23910000.0,8632000000,361.0,10
1946,NOV,23870000.0,7698000000,323.0,11
1946,DEC,23830000.0,8007000000,336.0,12
1945,JAN,25500000.0,8517000000,334.0,1
1945,FEB,25440000.0,8243000000,324.0,2
1945,MAR,25360000.0,9814000000,387.0,3
1945,APR,25280000.0,10718000000,424.0,4
1945,MAY,25190000.0,12696000000,504.0,5
1945,JUN,25110000.0,12907000000,514.0,6
1945,JUL,25040000.0,12194000000,487.0,7
1945,AUG,24910000.0,11010000000,442.0,8
1945,SEP,24810000.0,9428000000,380.0,9
1945,OCT,24700000.0,8719000000,353.0,10
1945,NOV,24580000.0,7718000000,314.0,11
1945,DEC,24500000.0,7864000000,321.0,12
1944,JAN,25560000.0,8358000000,327.0,1
1944,FEB,25570000.0,8438000000,330.0,2
1944,MAR,25580000.0,9592000000,375.0,3
1944,APR,25600000.0,10189000000,398.0,4
1944,MAY,25620000.0,12272000000,479.0,5
1944,JUN,25640000.0,12333000000,481.0,6
1944,JUL,25650000.0,11594000000,452.0,7
1944,AUG,25640000.0,10410000000,406.0,8
1944,SEP,25620000.0,9223000000,360.0,9
1944,OCT,25580000.0,8646000000,338.0,10
1944,NOV,25560000.0,7821000000,306.0,11
1944,DEC,25540000.0,8147000000,319.0,12
1943,JAN,25320000.0,8458000000,334.0,1
1943,FEB,25340000.0,8210000000,324.0,2
1943,MAR,25360000.0,9637000000,380.0,3
1943,APR,25390000.0,10359000000,408.0,4
1943,MAY,25420000.0,12303000000,484.0,5
1943,JUN,25460000.0,12654000000,497.0,6
1943,JUL,25480000.0,11848000000,465.0,7
1943,AUG,25500000.0,10608000000,416.0,8
1943,SEP,25520000.0,9111000000,357.0,9
1943,OCT,25530000.0,8425000000,330.0,10
1943,NOV,25540000.0,7560000000,296.0,11
1943,DEC,25550000.0,7844000000,307.0,12
1942,JAN,24710000.0,8451000000,342.0,1
1942,FEB,24770000.0,8149000000,329.0,2
1942,MAR,24840000.0,9539000000,384.0,3
1942,APR,24890000.0,10504000000,422.0,4
1942,MAY,24950000.0,12600000000,505.0,5
1942,JUN,25010000.0,12555000000,502.0,6
1942,JUL,25060000.0,11853000000,473.0,7
1942,AUG,25120000.0,10902000000,434.0,8
1942,SEP,25170000.0,9414000000,374.0,9
1942,OCT,25230000.0,8629000000,342.0,10
1942,NOV,25270000.0,7790000000,308.0,11
1942,DEC,25300000.0,8147000000,322.0,12
1941,JAN,23960000.0,8122000000,339.0,1
1941,FEB,24020000.0,7855000000,327.0,2
1941,MAR,24060000.0,9174000000,381.0,3
1941,APR,24100000.0,10050000000,417.0,4
1941,MAY,24170000.0,12182000000,504.0,5
1941,JUN,24230000.0,12042000000,497.0,6
1941,JUL,24300000.0,11372000000,468.0,7
1941,AUG,24370000.0,10455000000,429.0,8
1941,SEP,24440000.0,9238000000,378.0,9
1941,OCT,24530000.0,8684000000,354.0,10
1941,NOV,24600000.0,7798000000,317.0,11
1941,DEC,24670000.0,8116000000,329.0,12
1940,JAN,23440000.0,7670000000,327.0,1
1940,FEB,23480000.0,7631000000,325.0,2
1940,MAR,23520000.0,8796000000,374.0,3
1940,APR,23560000.0,9377000000,398.0,4
1940,MAY,23590000.0,11276000000,478.0,5
1940,JUN,23640000.0,11678000000,494.0,6
1940,JUL,23680000.0,10845000000,458.0,7
1940,AUG,23730000.0,9919000000,418.0,8
1940,SEP,23780000.0,8822000000,371.0,9
1940,OCT,23830000.0,8269000000,347.0,10
1940,NOV,23880000.0,7427000000,311.0,11
1940,DEC,23920000.0,7702000000,322.0,12
1939,JAN,23201000.0,7807000000,336.0,1
1939,FEB,23195000.0,7411000000,320.0,2
1939,MAR,23219000.0,8725000000,376.0,3
1939,APR,23227000.0,9195000000,396.0,4
1939,MAY,23241000.0,10903000000,469.0,5
1939,JUN,23250000.0,11277000000,485.0,6
1939,JUL,23265000.0,10498000000,451.0,7
1939,AUG,23283000.0,9515000000,409.0,8
1939,SEP,23311000.0,8394000000,360.0,9
1939,OCT,23334000.0,7945000000,340.0,10
1939,NOV,23364000.0,7433000000,318.0,11
1939,DEC,23400000.0,7689000000,329.0,12
1938,JAN,23226000.0,7438000000,320.0,1
1938,FEB,23221000.0,7089000000,305.0,2
1938,MAR,23213000.0,8443000000,364.0,3
1938,APR,23207000.0,9120000000,393.0,4
1938,MAY,23207000.0,10881000000,469.0,5
1938,JUN,23207000.0,11226000000,484.0,6
1938,JUL,23211000.0,10581000000,456.0,7
1938,AUG,23209000.0,9545000000,411.0,8
1938,SEP,23211000.0,8445000000,364.0,9
1938,OCT,23209000.0,8073000000,348.0,10
1938,NOV,23208000.0,7396000000,319.0,11
1938,DEC,23204000.0,7570000000,326.0,12
1937,JAN,23447000.0,7388000000,315.0,1
1937,FEB,23420000.0,6899000000,295.0,2
1937,MAR,23397000.0,8041000000,344.0,3
1937,APR,23382000.0,8560000000,366.0,4
1937,MAY,23363000.0,10466000000,448.0,5
1937,JUN,23342000.0,10955000000,469.0,6
1937,JUL,23322000.0,10323000000,443.0,7
1937,AUG,23304000.0,9192000000,394.0,8
1937,SEP,23289000.0,8071000000,347.0,9
1937,OCT,23274000.0,7735000000,332.0,10
1937,NOV,23259000.0,6981000000,300.0,11
1937,DEC,23244000.0,7297000000,314.0,12
1936,JAN,23909000.0,7292000000,305.0,1
1936,FEB,23882000.0,7159000000,300.0,2
1936,MAR,23859000.0,8244000000,346.0,3
1936,APR,23833000.0,8807000000,370.0,4
1936,MAY,23804000.0,10507000000,441.0,5
1936,JUN,23772000.0,10948000000,461.0,6
1936,JUL,23737000.0,9893000000,417.0,7
1936,AUG,23686000.0,8695000000,367.0,8
1936,SEP,23637000.0,8049000000,341.0,9
1936,OCT,23577000.0,8090000000,343.0,10
1936,NOV,23532000.0,7322000000,311.0,11
1936,DEC,23485000.0,7404000000,315.0,12
1935,JAN,24544000.0,7084000000,289.0,1
1935,FEB,24461000.0,6690000000,273.0,2
1935,MAR,24381000.0,7823000000,321.0,3
1935,APR,24301000.0,8440000000,347.0,4
1935,MAY,24237000.0,10222000000,422.0,5
1935,JUN,24178000.0,10991000000,455.0,6
1935,JUL,24125000.0,10384000000,430.0,7
1935,AUG,24074000.0,9402000000,391.0,8
1935,SEP,24029000.0,8258000000,344.0,9
1935,OCT,23991000.0,7702000000,321.0,10
1935,NOV,23963000.0,7003000000,292.0,11
1935,DEC,23933000.0,7206000000,301.0,12
1934,JAN,25469000.0,7652000000,300.0,1
1934,FEB,25496000.0,7144000000,280.0,2
1934,MAR,25521000.0,8272000000,324.0,3
1934,APR,25519000.0,8760000000,343.0,4
1934,MAY,25485000.0,10182000000,400.0,5
1934,JUN,25400000.0,10477000000,412.0,6
1934,JUL,25263000.0,9796000000,388.0,7
1934,AUG,25083000.0,9004000000,359.0,8
1934,SEP,24934000.0,8160000000,327.0,9
1934,OCT,24829000.0,7835000000,316.0,10
1934,NOV,24728000.0,7185000000,291.0,11
1934,DEC,24634000.0,7154000000,290.0,12
1933,JAN,24636000.0,7983000000,324.0,1
1933,FEB,21718000.0,7532000000,305.0,2
1933,MAR,24798000.0,8580000000,346.0,3
1933,APR,24883000.0,8989000000,361.0,4
1933,MAY,24963000.0,10665000000,427.0,5
1933,JUN,25043000.0,10675000000,426.0,6
1933,JUL,25117000.0,9973000000,397.0,7
1933,AUG,25191000.0,9167000000,364.0,8
1933,SEP,25262000.0,8192000000,324.0,9
1933,OCT,25329000.0,7941000000,314.0,10
1933,NOV,25385000.0,7417000000,292.0,11
1933,DEC,25433000.0,7648000000,301.0,12
1932,JAN,23650000.0,7951000000,336.0,1
1932,FEB,23737000.0,7784000000,328.0,2
1932,MAR,23823000.0,8625000000,362.0,3
1932,APR,23906000.0,8854000000,370.0,4
1932,MAY,23986000.0,10504000000,438.0,5
1932,JUN,24068000.0,10701000000,445.0,6
1932,JUL,24145000.0,9777000000,405.0,7
1932,AUG,24228000.0,8739000000,361.0,8
1932,SEP,24311000.0,7974000000,328.0,9
1932,OCT,24399000.0,7810000000,320.0,10
1932,NOV,24467000.0,7369000000,301.0,11
1932,DEC,24544000.0,7722000000,315.0,12
1931,JAN,22644000.0,7798000000,344.0,1
1931,FEB,22725000.0,7417000000,326.0,2
1931,MAR,22811000.0,8519000000,373.0,3
1931,APR,22898000.0,9048000000,395.0,4
1931,MAY,22980000.0,10580000000,460.0,5
1931,JUN,23069000.0,10683000000,463.0,6
1931,JUL,23150000.0,9663000000,417.0,7
1931,AUG,23230000.0,8643000000,372.0,8
1931,SEP,23312000.0,7798000000,335.0,9
1931,OCT,23395000.0,7737000000,331.0,10
1931,NOV,23478000.0,7427000000,316.0,11
1931,DEC,23558000.0,7716000000,328.0,12
1930,JAN,21892000.0,7371000000,337.0,1
1930,FEB,21951000.0,7051000000,321.0,2
1930,MAR,22010000.0,8253000000,375.0,3
1930,APR,22067000.0,8723000000,395.0,4
1930,MAY,22124000.0,10386000000,469.0,5
1930,JUN,22189000.0,10766000000,485.0,6
1930,JUL,22243000.0,9725000000,437.0,7
1930,AUG,22302000.0,8413000000,377.0,8
1930,SEP,22361000.0,7522000000,336.0,9
1930,OCT,22427000.0,7466000000,333.0,10
1930,NOV,22495000.0,7091000000,315.0,11
1930,DEC,22562000.0,7391000000,328.0,12
2013,MAR,,17681000000,,3
2013,APR,,17260000000,,4
2013,MAY,,17829000000,,5
2013,JUN,,16948000000,,6
