{"Attribute":{"0":"Year","1":"Period","2":"Milk Cows","3":"Milk Production (lbs)","4":"Milk Per Cow","5":"Month","6":"Quarter","7":"Suppressed"},"Description and Footnotes":{"0":"Calendar year of survey estimate","1":"Calendar month of survey estimate","2":"Heads of milk-producing cattle. Includes dry cows. Excludes heifers not yet fresh","3":"Total pounds of milk produced. Excludes milk sucked by calves.","4":"Total pounds of milk produced divided by number of milk producing cows. Excludes milk sucked by calves.","5":"Calendar month as integer","6":"Calendar cuarter as integer (1 corresponds to Jan. through Mar, etc.)","7":"Indicates if a NULL value in a column is NULL not because it is simply absent from the record, but because the value was suppressed for disclosure reasons. If no such column is in your data sample then none of your results included suppressed values."},"Units":{"0":"Calendar year","1":"Calendar month","2":"Heads of cattle","3":"Lbs","4":"Lbs per cattle-head","5":"Calendar month","6":"Calendar quarter","7":"Boolean"},"Aggregation":{"0":null,"1":null,"2":"Unclear, presumably sum of state counts but the \"Data Item\" name icludes \"AVG\" which is confusing","3":"Total","4":"Average","5":null,"6":null,"7":null},"Data Item":{"0":"Year","1":"Period","2":"CATTLE, COWS, MILK - INVENTORY, AVG, MEASURED IN HEAD","3":"MILK - PRODUCTION, MEASURED IN LB","4":"MILK - PRODUCTION, MEASURED IN LB \/ HEAD","5":"Month","6":null,"7":null},"Commodity":{"0":null,"1":null,"2":"CATTLE","3":"MILK","4":"MILK","5":null,"6":null,"7":null}}